<?xml version="1.0" encoding="utf-8"?>
<systemvariables version="4">
  <namespace name="" comment="">
    <namespace name="NMTester" comment="">
      <variable anlyzLocal="2" readOnly="false" valueSequence="false" unit="" name="NMOnOff26_PT" comment="" bitcount="32" isSigned="true" encoding="65001" type="int" startValue="0" minValue="0" minValuePhys="0" maxValue="1" maxValuePhys="1" />
      <variable anlyzLocal="2" readOnly="false" valueSequence="false" unit="" name="NMWakeUp28" comment="" bitcount="32" isSigned="true" encoding="65001" type="int" startValue="0" minValue="0" minValuePhys="0" maxValue="1" maxValuePhys="1" />
      <variable anlyzLocal="2" readOnly="false" valueSequence="false" unit="" name="NMWakeUpDsp29" comment="" bitcount="32" isSigned="true" encoding="65001" type="int" startValue="0" minValue="0" minValuePhys="0" maxValue="1" maxValuePhys="1" />
      <variable anlyzLocal="2" readOnly="false" valueSequence="false" unit="" name="NMSleep27_PT" comment="" bitcount="32" isSigned="true" encoding="65001" type="int" startValue="0" minValue="0" minValuePhys="0" maxValue="1" maxValuePhys="1" />
      <variable anlyzLocal="2" readOnly="false" valueSequence="false" unit="" name="NMSleepAll" comment="" bitcount="32" isSigned="true" encoding="65001" type="int" startValue="0" minValue="0" minValuePhys="0" maxValue="1" maxValuePhys="1" />
      <variable anlyzLocal="2" readOnly="false" valueSequence="false" unit="" name="NMStatusDsp28" comment="" bitcount="32" isSigned="true" encoding="65001" type="int" startValue="0" minValue="0" minValuePhys="0" maxValue="1" maxValuePhys="1" />
      <variable anlyzLocal="2" readOnly="false" valueSequence="false" unit="" name="NMReceiver26" comment="" bitcount="32" isSigned="true" encoding="65001" type="int" startValue="0" minValue="0" minValuePhys="0" maxValue="1" maxValuePhys="1" />
      <variable anlyzLocal="2" readOnly="false" valueSequence="false" unit="" name="NMSleepAckDsp28" comment="" bitcount="32" isSigned="true" encoding="65001" type="int" startValue="0" minValue="0" minValuePhys="0" maxValue="1" maxValuePhys="1" />
      <variable anlyzLocal="2" readOnly="false" valueSequence="false" unit="" name="NMStatusDsp29" comment="" bitcount="32" isSigned="true" encoding="65001" type="int" startValue="0" minValue="0" minValuePhys="0" maxValue="1" maxValuePhys="1" />
      <variable anlyzLocal="2" readOnly="false" valueSequence="false" unit="" name="NMWakeUpDsp27" comment="" bitcount="32" isSigned="true" encoding="65001" type="int" startValue="0" minValue="0" minValuePhys="0" maxValue="1" maxValuePhys="1" />
      <variable anlyzLocal="2" readOnly="false" valueSequence="false" unit="" name="NMReceiver28" comment="" bitcount="32" isSigned="true" encoding="65001" type="int" startValue="0" minValue="0" minValuePhys="0" maxValue="1" maxValuePhys="1" />
      <variable anlyzLocal="2" readOnly="false" valueSequence="false" unit="" name="NMSleep28_PT" comment="" bitcount="32" isSigned="true" encoding="65001" type="int" startValue="0" minValue="0" minValuePhys="0" maxValue="1" maxValuePhys="1" />
      <variable anlyzLocal="2" readOnly="false" valueSequence="false" unit="" name="NMStatusDsp27_PT" comment="" bitcount="32" isSigned="true" encoding="65001" type="int" startValue="0" minValue="0" minValuePhys="0" maxValue="1" maxValuePhys="1" />
      <variable anlyzLocal="2" readOnly="false" valueSequence="false" unit="" name="NMSleepAckDsp26" comment="" bitcount="32" isSigned="true" encoding="65001" type="int" startValue="0" minValue="0" minValuePhys="0" maxValue="1" maxValuePhys="1" />
      <variable anlyzLocal="2" readOnly="false" valueSequence="false" unit="" name="NMWakeUpDsp27_PT" comment="" bitcount="32" isSigned="true" encoding="65001" type="int" startValue="0" minValue="0" minValuePhys="0" maxValue="1" maxValuePhys="1" />
      <variable anlyzLocal="2" readOnly="false" valueSequence="false" unit="" name="NMSleep29" comment="" bitcount="32" isSigned="true" encoding="65001" type="int" startValue="0" minValue="0" minValuePhys="0" maxValue="1" maxValuePhys="1" />
      <variable anlyzLocal="2" readOnly="false" valueSequence="false" unit="" name="NMSleepAckDsp27_PT" comment="" bitcount="32" isSigned="true" encoding="65001" type="int" startValue="0" minValue="0" minValuePhys="0" maxValue="1" maxValuePhys="1" />
      <variable anlyzLocal="2" readOnly="false" valueSequence="false" unit="" name="NMSleepIndDsp28" comment="" bitcount="32" isSigned="true" encoding="65001" type="int" startValue="0" minValue="0" minValuePhys="0" maxValue="1" maxValuePhys="1" />
      <variable anlyzLocal="2" readOnly="false" valueSequence="false" unit="" name="NMWakeUp29_PT" comment="" bitcount="32" isSigned="true" encoding="65001" type="int" startValue="0" minValue="0" minValuePhys="0" maxValue="1" maxValuePhys="1" />
      <variable anlyzLocal="2" readOnly="false" valueSequence="false" unit="" name="NMOnOff26" comment="" bitcount="32" isSigned="true" encoding="65001" type="int" startValue="0" minValue="0" minValuePhys="0" maxValue="1" maxValuePhys="1" />
      <variable anlyzLocal="2" readOnly="false" valueSequence="false" unit="" name="NMReceiver26_PT" comment="" bitcount="32" isSigned="true" encoding="65001" type="int" startValue="0" minValue="0" minValuePhys="0" maxValue="1" maxValuePhys="1" />
      <variable anlyzLocal="2" readOnly="false" valueSequence="false" unit="" name="NMOnOff29" comment="" bitcount="32" isSigned="true" encoding="65001" type="int" startValue="0" minValue="0" minValuePhys="0" maxValue="1" maxValuePhys="1" />
      <variable anlyzLocal="2" readOnly="false" valueSequence="false" unit="" name="NMReceiver27_PT" comment="" bitcount="32" isSigned="true" encoding="65001" type="int" startValue="0" minValue="0" minValuePhys="0" maxValue="1" maxValuePhys="1" />
      <variable anlyzLocal="2" readOnly="false" valueSequence="false" unit="" name="NMSleep26" comment="" bitcount="32" isSigned="true" encoding="65001" type="int" startValue="0" minValue="0" minValuePhys="0" maxValue="1" maxValuePhys="1" />
      <variable anlyzLocal="2" readOnly="false" valueSequence="false" unit="" name="NMStatusDsp26" comment="" bitcount="32" isSigned="true" encoding="65001" type="int" startValue="0" minValue="0" minValuePhys="0" maxValue="1" maxValuePhys="1" />
      <variable anlyzLocal="2" readOnly="false" valueSequence="false" unit="" name="BusCommActiveDisplay" comment="" bitcount="32" isSigned="true" encoding="65001" type="int" startValue="0" minValue="0" minValuePhys="0" maxValue="1" maxValuePhys="1" />
      <variable anlyzLocal="2" readOnly="false" valueSequence="false" unit="" name="NMOnOff27_PT" comment="" bitcount="32" isSigned="true" encoding="65001" type="int" startValue="0" minValue="0" minValuePhys="0" maxValue="1" maxValuePhys="1" />
      <variable anlyzLocal="2" readOnly="false" valueSequence="false" unit="" name="NMOnOff28_PT" comment="" bitcount="32" isSigned="true" encoding="65001" type="int" startValue="0" minValue="0" minValuePhys="0" maxValue="1" maxValuePhys="1" />
      <variable anlyzLocal="2" readOnly="false" valueSequence="false" unit="" name="NMWakeUp27" comment="" bitcount="32" isSigned="true" encoding="65001" type="int" startValue="0" minValue="0" minValuePhys="0" maxValue="1" maxValuePhys="1" />
      <variable anlyzLocal="2" readOnly="false" valueSequence="false" unit="" name="NMSleep27" comment="" bitcount="32" isSigned="true" encoding="65001" type="int" startValue="0" minValue="0" minValuePhys="0" maxValue="1" maxValuePhys="1" />
      <variable anlyzLocal="2" readOnly="false" valueSequence="false" unit="" name="NMSleepIndDsp26" comment="" bitcount="32" isSigned="true" encoding="65001" type="int" startValue="0" minValue="0" minValuePhys="0" maxValue="1" maxValuePhys="1" />
      <variable anlyzLocal="2" readOnly="false" valueSequence="false" unit="" name="NMStatusDsp26_PT" comment="" bitcount="32" isSigned="true" encoding="65001" type="int" startValue="0" minValue="0" minValuePhys="0" maxValue="1" maxValuePhys="1" />
      <variable anlyzLocal="2" readOnly="false" valueSequence="false" unit="" name="NMStatusDsp27" comment="" bitcount="32" isSigned="true" encoding="65001" type="int" startValue="0" minValue="0" minValuePhys="0" maxValue="1" maxValuePhys="1" />
      <variable anlyzLocal="2" readOnly="false" valueSequence="false" unit="" name="NMWakeUp26_PT" comment="" bitcount="32" isSigned="true" encoding="65001" type="int" startValue="0" minValue="0" minValuePhys="0" maxValue="1" maxValuePhys="1" />
      <variable anlyzLocal="2" readOnly="false" valueSequence="false" unit="" name="NMOnOff28" comment="" bitcount="32" isSigned="true" encoding="65001" type="int" startValue="0" minValue="0" minValuePhys="0" maxValue="1" maxValuePhys="1" />
      <variable anlyzLocal="2" readOnly="false" valueSequence="false" unit="" name="NMSleepAll_PT" comment="" bitcount="32" isSigned="true" encoding="65001" type="int" startValue="0" minValue="0" minValuePhys="0" maxValue="1" maxValuePhys="1" />
      <variable anlyzLocal="2" readOnly="false" valueSequence="false" unit="" name="NMSleepIndDsp27" comment="" bitcount="32" isSigned="true" encoding="65001" type="int" startValue="0" minValue="0" minValuePhys="0" maxValue="1" maxValuePhys="1" />
      <variable anlyzLocal="2" readOnly="false" valueSequence="false" unit="" name="NMSleepIndDsp27_PT" comment="" bitcount="32" isSigned="true" encoding="65001" type="int" startValue="0" minValue="0" minValuePhys="0" maxValue="1" maxValuePhys="1" />
      <variable anlyzLocal="2" readOnly="false" valueSequence="false" unit="" name="NMWakeUp29" comment="" bitcount="32" isSigned="true" encoding="65001" type="int" startValue="0" minValue="0" minValuePhys="0" maxValue="1" maxValuePhys="1" />
      <variable anlyzLocal="2" readOnly="false" valueSequence="false" unit="" name="NMWakeUpDsp28" comment="" bitcount="32" isSigned="true" encoding="65001" type="int" startValue="0" minValue="0" minValuePhys="0" maxValue="1" maxValuePhys="1" />
      <variable anlyzLocal="2" readOnly="false" valueSequence="false" unit="" name="NMReceiver27" comment="" bitcount="32" isSigned="true" encoding="65001" type="int" startValue="0" minValue="0" minValuePhys="0" maxValue="1" maxValuePhys="1" />
      <variable anlyzLocal="2" readOnly="false" valueSequence="false" unit="" name="NMWakeUp27_PT" comment="" bitcount="32" isSigned="true" encoding="65001" type="int" startValue="0" minValue="0" minValuePhys="0" maxValue="1" maxValuePhys="1" />
      <variable anlyzLocal="2" readOnly="false" valueSequence="false" unit="" name="NMSleepAckDsp26_PT" comment="" bitcount="32" isSigned="true" encoding="65001" type="int" startValue="0" minValue="0" minValuePhys="0" maxValue="1" maxValuePhys="1" />
      <variable anlyzLocal="2" readOnly="false" valueSequence="false" unit="" name="NMSleepAckDsp29" comment="" bitcount="32" isSigned="true" encoding="65001" type="int" startValue="0" minValue="0" minValuePhys="0" maxValue="1" maxValuePhys="1" />
      <variable anlyzLocal="2" readOnly="false" valueSequence="false" unit="" name="NMWakeUpDsp26" comment="" bitcount="32" isSigned="true" encoding="65001" type="int" startValue="0" minValue="0" minValuePhys="0" maxValue="1" maxValuePhys="1" />
      <variable anlyzLocal="2" readOnly="false" valueSequence="false" unit="" name="NMReceiver29" comment="" bitcount="32" isSigned="true" encoding="65001" type="int" startValue="0" minValue="0" minValuePhys="0" maxValue="1" maxValuePhys="1" />
      <variable anlyzLocal="2" readOnly="false" valueSequence="false" unit="" name="NMWakeUpDsp26_PT" comment="" bitcount="32" isSigned="true" encoding="65001" type="int" startValue="0" minValue="0" minValuePhys="0" maxValue="1" maxValuePhys="1" />
      <variable anlyzLocal="2" readOnly="false" valueSequence="false" unit="" name="NMSleep26_PT" comment="" bitcount="32" isSigned="true" encoding="65001" type="int" startValue="0" minValue="0" minValuePhys="0" maxValue="1" maxValuePhys="1" />
      <variable anlyzLocal="2" readOnly="false" valueSequence="false" unit="" name="NMSleep28" comment="" bitcount="32" isSigned="true" encoding="65001" type="int" startValue="0" minValue="0" minValuePhys="0" maxValue="1" maxValuePhys="1" />
      <variable anlyzLocal="2" readOnly="false" valueSequence="false" unit="" name="NMSleep29_PT" comment="" bitcount="32" isSigned="true" encoding="65001" type="int" startValue="0" minValue="0" minValuePhys="0" maxValue="1" maxValuePhys="1" />
      <variable anlyzLocal="2" readOnly="false" valueSequence="false" unit="" name="BusCommActiveDisplay_PT" comment="" bitcount="32" isSigned="true" encoding="65001" type="int" startValue="0" minValue="0" minValuePhys="0" maxValue="1" maxValuePhys="1" />
      <variable anlyzLocal="2" readOnly="false" valueSequence="false" unit="" name="NMSleepIndDsp26_PT" comment="" bitcount="32" isSigned="true" encoding="65001" type="int" startValue="0" minValue="0" minValuePhys="0" maxValue="1" maxValuePhys="1" />
      <variable anlyzLocal="2" readOnly="false" valueSequence="false" unit="" name="NMOnOff27" comment="" bitcount="32" isSigned="true" encoding="65001" type="int" startValue="0" minValue="0" minValuePhys="0" maxValue="1" maxValuePhys="1" />
      <variable anlyzLocal="2" readOnly="false" valueSequence="false" unit="" name="NMSleepAckDsp27" comment="" bitcount="32" isSigned="true" encoding="65001" type="int" startValue="0" minValue="0" minValuePhys="0" maxValue="1" maxValuePhys="1" />
      <variable anlyzLocal="2" readOnly="false" valueSequence="false" unit="" name="NMOnOff29_PT" comment="" bitcount="32" isSigned="true" encoding="65001" type="int" startValue="0" minValue="0" minValuePhys="0" maxValue="1" maxValuePhys="1" />
      <variable anlyzLocal="2" readOnly="false" valueSequence="false" unit="" name="NMWakeUp26" comment="" bitcount="32" isSigned="true" encoding="65001" type="int" startValue="0" minValue="0" minValuePhys="0" maxValue="1" maxValuePhys="1" />
      <variable anlyzLocal="2" readOnly="false" valueSequence="false" unit="" name="NMSleepIndDsp29" comment="" bitcount="32" isSigned="true" encoding="65001" type="int" startValue="0" minValue="0" minValuePhys="0" maxValue="1" maxValuePhys="1" />
    </namespace>
  </namespace>
</systemvariables>